ANYO;BARRIO;SEXO;0;1;2;3;4;5;6;7;8;9;10;11;12;13;14;15;16;17;18;19;20;21;22;23;24;25;26;27;28;29;30;31;32;33;34;35;36;37;38;39;40;41;42;43;44;45;46;47;48;49;50;51;52;53;54;55;56;57;58;59;60;61;62;63;64;65;66;67;68;69;70;71;72;73;74;75;76;77;78;79;80;81;82;83;84;85;86;87;88;89;90;91;92;93;94;95;96;97;98;99;100;101;102;103;104;105;106;107;108;109;110;111;112;113;114;115;116;;;;;;;;;;;;;;;;;;;;;;;;;;;;;;
2010;AZPILAGA헤;Var蚤;23;29;29;32;24;21;29;23;29;31;30;22;37;41;53;60;74;50;74;69;71;72;55;55;59;51;65;56;71;65;57;54;51;37;38;38;53;43;26;41;39;36;38;36;49;40;45;59;60;95;86;93;89;69;71;70;57;53;56;59;49;29;34;37;40;33;29;31;25;29;21;21;20;21;23;24;24;27;14;14;18;16;10;9;9;9;12;7;7;3;4;7;;3;2;2;2;;;;;;;;;;;;;;;;;;;;;;;;;;;;;;;;;;;;;;;;;;;;;;;;;;
2010;AZPILAGA헤;Mujer;22;24;19;22;15;23;22;25;15;32;31;30;38;37;34;50;65;57;70;65;85;75;49;65;52;50;61;55;65;47;57;53;54;52;38;46;40;41;48;31;43;28;33;36;64;69;84;79;112;92;108;89;74;89;92;73;62;64;52;46;46;39;45;31;43;48;48;34;33;30;26;23;26;33;40;38;21;34;26;33;25;21;27;27;16;25;15;15;12;10;8;4;7;3;4;1;2;3;1;;;;;;;;;;;;;;;;;;;;;;;;;;;;;;;;;;;;;;;;;;;;;;;;
2010;Buztintxuri - Euntzetxiki;Var蚤;85;77;60;49;41;32;40;35;23;29;31;27;19;28;19;26;24;19;18;29;25;28;29;29;36;35;54;43;55;56;96;97;102;106;134;109;102;87;73;71;67;54;60;36;39;36;32;31;35;22;19;17;19;24;12;15;16;22;13;13;18;9;14;13;8;9;10;10;9;9;4;9;7;5;8;5;5;3;4;5;4;4;2;2;3;1;1;1;1;2;;;1;;;1;;;;;;;;;;;;;;;;;;;;;;;;;;;;;;;;;;;;;;;;;;;;;;;;;;;
2010;Buztintxuri - Euntzetxiki;Mujer;65;69;54;51;44;29;28;27;23;26;23;19;18;15;21;23;20;28;15;26;22;29;27;27;27;40;43;48;65;78;99;95;102;106;104;85;78;65;52;76;59;40;43;39;22;22;24;21;33;13;19;18;17;17;14;15;20;17;15;15;11;9;13;17;10;11;7;9;11;8;10;7;8;4;4;6;2;9;5;4;3;5;9;1;1;4;2;1;2;5;3;;1;1;;1;1;;;;1;;;;;;;;;;;;;;;;;;;;;;;;;;;;;;;;;;;;;;;;;;;;;;
2010;Casco viejo/Alde Zaharra;Var蚤;55;71;42;47;50;34;52;52;51;46;39;49;36;34;40;30;46;43;42;36;40;48;39;57;47;66;67;111;96;100;120;115;130;127;135;120;137;136;126;106;129;105;104;107;101;135;91;106;100;110;108;78;97;88;88;81;74;67;57;50;51;66;40;42;44;31;48;36;18;41;29;23;36;42;37;41;36;33;28;23;32;27;19;19;12;16;8;14;10;7;1;5;3;2;1;1;4;;;;;;1;;;;;;;;;;;;;;;;;;;;;;;;;;;;;;;;;;;;;;;;;;;;
2010;Casco viejo/Alde Zaharra;Mujer;50;60;54;38;36;39;46;47;36;38;37;40;34;29;30;37;38;44;37;33;38;50;45;60;51;61;86;77;86;134;99;121;109;136;140;118;126;118;130;104;106;112;103;113;93;90;97;86;99;102;97;84;95;85;68;70;58;54;65;53;48;56;51;52;39;45;55;46;49;51;54;44;53;54;49;52;55;52;61;56;63;47;51;40;41;40;42;35;26;29;19;13;16;11;12;5;7;2;3;1;2;1;1;;;;;;;;;;;;;;;;;;;;;;;;;;;;;;;;;;;;;;;;;;;;
2010;Chantrea - Txantrea;Var蚤;90;108;102;88;88;85;103;80;83;90;70;87;79;77;94;90;92;90;83;92;79;100;101;107;86;107;136;146;149;145;173;158;179;172;186;167;168;189;145;173;154;141;119;152;174;150;162;142;139;157;149;128;136;132;121;114;108;121;108;97;104;136;105;117;123;113;106;99;100;107;84;78;83;99;102;97;96;89;64;94;65;79;62;63;52;44;31;38;24;16;14;10;9;6;6;3;3;2;;;;2;1;;;;;;;;;;;;;;;;;;;;;;;;;;;;;;;;;;;;;;;;;;;;
2010;Chantrea - Txantrea;Mujer;103;90;80;86;90;92;73;91;89;98;78;85;64;84;62;73;81;82;71;75;89;92;93;73;111;101;112;126;123;177;163;163;178;164;186;180;142;131;143;138;138;134;117;148;133;158;158;172;151;125;138;143;125;115;115;112;127;117;116;107;118;148;122;123;149;134;123;86;117;115;96;97;114;118;114;99;105;131;118;115;109;92;97;96;80;81;65;62;46;59;34;28;24;19;22;12;8;7;4;3;2;3;1;1;;;;;;;;;;;;;;;;;;;;;;;;;;;;;;;;;;;;;;;;;;;
2010;Ensanche/Zabalgunea;Var蚤;95;92;89;77;89;101;84;101;101;91;95;86;71;98;106;103;92;86;78;94;89;97;93;100;105;121;138;135;127;129;174;166;155;174;147;146;153;145;155;171;177;170;154;150;155;162;161;169;155;149;162;142;133;117;132;104;122;107;108;105;116;124;109;107;104;105;107;106;86;96;60;76;70;86;100;93;102;87;73;76;75;74;63;65;62;49;36;51;33;26;23;18;15;9;8;9;8;3;2;;;;;;;1;;;;1;;;;;;;;;;;;;;;;;;;;;;;;;;;;;;;;;;;;;
2010;Ensanche/Zabalgunea;Mujer;80;99;112;92;108;117;89;101;92;107;92;89;95;83;82;92;92;97;74;89;85;99;101;115;143;120;105;118;169;159;135;160;146;142;159;161;154;144;171;172;167;164;175;174;172;184;173;161;168;142;169;141;172;159;119;131;141;127;128;152;151;145;146;151;168;129;169;124;138;115;106;115;122;150;149;158;153;154;157;155;130;168;141;149;128;128;119;122;90;87;63;68;45;45;36;32;18;24;9;7;5;5;2;1;2;;;;;;;;;;;;;;;;;;;;;;;;;;;;;;;;;;;;;;;;;;
2010;Ermitaga人 - Mendebaldea;Var蚤;61;67;65;67;75;83;59;68;85;65;66;76;84;72;93;83;89;91;94;75;108;90;122;112;132;134;138;168;161;146;140;123;113;101;109;90;94;91;65;98;72;93;68;78;110;109;103;131;111;106;107;120;133;117;145;120;131;119;139;142;162;134;124;101;106;105;117;81;64;69;46;54;45;65;64;51;49;50;39;43;33;27;25;16;17;26;16;6;15;4;3;9;6;;3;2;1;1;;;;;;;;;;;;;;;;;;;;;;;;;;;;;;;;;;;;;;;;;;;;;;;;;
2010;Ermitaga人 - Mendebaldea;Mujer;60;66;58;60;47;72;78;72;82;75;83;73;87;95;96;90;80;75;84;89;100;108;119;138;118;132;133;166;144;114;123;127;116;103;113;98;81;97;110;108;93;86;96;96;141;148;116;152;137;147;160;155;147;164;161;167;168;145;153;142;167;151;136;115;110;106;113;79;64;85;61;59;65;72;73;52;63;50;56;44;57;47;55;50;42;37;39;23;26;26;18;16;16;11;6;6;6;2;2;1;;;1;;;;;;;;;;;;;;;;;;;;;;;;;;;;;;;;;;;;;;;;;;;;
2010;Etxabakoitz;Var蚤;31;30;38;31;24;37;25;29;41;33;33;26;31;21;33;30;32;32;25;26;30;27;31;31;32;34;39;44;27;51;53;42;44;68;50;47;62;45;37;64;53;64;60;69;64;62;47;51;39;43;40;30;26;27;29;25;28;24;20;27;23;31;31;30;22;13;15;22;11;15;11;13;19;11;20;16;15;15;7;12;8;5;11;12;6;11;4;2;1;2;3;2;;1;;;;;;;;;;;;;;;;;;;;;;;;;;;;;;;;;;;;;;;;;;;;;;;;;;;1;;
2010;Etxabakoitz;Mujer;29;29;43;32;33;32;37;21;38;29;31;27;31;31;37;20;37;35;22;33;20;26;32;35;34;41;42;27;47;52;36;48;53;44;47;42;38;48;57;49;55;49;65;55;55;54;34;41;35;34;29;37;34;34;31;30;37;24;20;33;29;24;29;26;23;25;17;26;23;17;20;16;13;33;10;20;21;11;25;14;16;14;8;9;10;11;12;15;8;7;6;2;5;2;;3;1;;;;;1;;;;;;;;;;;;;;;;;;;;;;;;;;;;;;;;;;;;;;;;;;;;;
2010;Iturrama;Var蚤;80;97;94;65;54;73;68;51;62;49;55;45;56;71;79;96;96;82;103;129;149;170;169;190;204;234;242;246;249;239;195;202;212;174;168;153;134;153;127;128;114;105;85;106;91;115;94;88;82;107;117;128;160;138;164;170;155;196;193;209;227;218;197;205;187;198;175;184;142;149;101;111;99;128;127;96;107;93;81;82;84;65;65;48;50;51;41;31;35;32;12;16;13;6;16;3;3;3;1;1;1;;1;;;;;;;;;;;;;;;;;;;;;;;;;;;;;;;;;;;;;;;;;;;;
2010;Iturrama;Mujer;62;65;73;69;61;62;53;61;57;56;61;39;68;58;71;80;81;118;126;126;162;193;177;201;217;233;192;234;243;229;173;205;175;166;158;160;131;114;129;128;106;103;105;108;85;114;108;130;133;133;189;154;228;216;246;221;233;233;248;218;250;255;242;227;246;228;209;164;163;166;99;135;136;142;130;135;137;125;113;116;94;105;83;96;99;90;83;87;79;77;42;47;42;38;33;27;17;19;14;5;1;;2;;3;;;;;;;;;;;;;;;;;;;;;;;;;;;;;;;;;;;;;;;;;;
2010;Mendillorri;Var蚤;71;54;72;72;79;95;105;93;137;148;147;139;173;120;130;110;77;80;74;58;68;45;36;46;38;49;33;54;45;32;28;58;37;46;71;61;69;75;65;95;102;153;177;195;206;196;196;170;149;133;107;88;78;80;69;63;45;48;32;22;32;22;19;13;17;13;15;14;18;17;11;9;14;14;13;6;10;11;8;4;3;8;1;7;3;3;6;2;1;3;2;;;;1;;;;;;;;;;;;;;;;;;;;;;;;;;;;;;;;;;;;;;;;;;;;;;;;;;;;
2010;Mendillorri;Mujer;52;49;72;70;65;84;89;84;104;120;137;140;144;137;117;94;61;70;54;60;55;45;45;51;51;39;41;37;49;40;60;58;46;58;84;83;84;83;106;138;184;196;225;245;213;205;173;152;109;108;93;84;71;61;49;49;50;47;32;34;22;24;14;18;20;19;24;21;15;16;15;12;12;12;10;13;15;18;19;11;6;8;6;9;6;8;3;4;8;4;;1;2;2;3;2;;1;;1;;;;;;;;;;;;;;;;;;;;;;;;;;;;;;;;;;;;;;;;;;;;;;;
2010;Milagrosa - Arrosadia;Var蚤;74;90;63;60;65;76;57;67;50;52;45;59;60;51;56;75;69;61;71;60;82;76;104;90;107;97;116;128;140;145;135;140;142;133;140;137;111;126;112;110;121;113;118;95;105;120;112;98;92;112;97;109;82;87;63;80;72;76;80;66;83;78;92;57;74;50;37;52;50;44;47;32;62;63;50;61;57;73;65;60;58;35;35;49;33;25;27;22;12;10;12;6;5;;1;4;2;1;;1;;;;;;;;;;;;;;;;;;;;;;;;;;;;;;;;;;;;;;;;;;;;;;;
2010;Milagrosa - Arrosadia;Mujer;58;77;52;54;70;62;69;53;55;55;60;53;64;52;55;79;67;58;72;69;73;82;86;100;118;86;116;119;123;134;99;131;136;128;136;89;103;113;105;108;95;100;124;96;100;119;107;85;100;113;101;82;96;76;72;86;79;83;77;91;87;99;74;81;70;58;65;66;52;80;48;77;68;91;111;92;85;99;88;98;73;66;71;80;76;48;62;39;37;41;28;28;19;14;11;11;7;5;5;2;2;1;4;;;;;;;;;;;;;;;;;;;;;;;;;;;;;;;;;;;;;;;;;;;;
2010;Rochapea/Arrotxapea;Var蚤;155;182;197;195;198;217;188;179;180;141;141;119;127;99;127;97;113;114;105;106;109;140;85;124;148;142;146;153;161;181;176;220;231;263;272;264;268;305;309;328;293;323;281;259;246;225;234;192;184;161;154;168;140;126;124;116;103;119;112;105;111;118;128;104;128;85;101;77;83;101;81;69;65;101;75;72;71;68;52;55;56;48;47;23;29;26;23;21;21;9;10;11;3;3;1;3;2;2;;;1;;;;;;;;;;;;;;;;;;;;;;;;;;;;;;;;;;;;;;;;;;;;;;
2010;Rochapea/Arrotxapea;Mujer;162;158;179;175;173;151;199;164;169;139;121;113;106;110;94;105;95;89;90;112;100;116;133;131;117;154;137;144;166;180;171;205;225;265;284;256;303;286;297;295;306;276;246;244;218;247;205;183;159;163;158;132;129;130;127;119;133;130;122;136;118;139;121;124;129;104;117;86;95;121;77;94;89;103;106;83;85;87;87;90;78;56;58;58;50;51;42;51;30;19;25;20;13;5;5;7;4;3;1;2;;;1;;;;1;;;;;;;;;;;;;;;;;;;;;;;;;;;;;;;;;;;;;;;;
2010;San Jorge - Sanduzelai;Var蚤;76;88;71;84;100;84;78;70;42;49;53;57;58;39;49;31;48;52;65;52;64;53;63;69;76;78;73;87;87;93;110;123;125;113;105;135;147;166;135;133;126;107;104;92;91;91;67;59;63;68;65;51;57;56;74;49;57;65;65;75;67;71;64;91;87;58;84;66;59;67;50;34;31;38;34;26;21;31;28;26;18;18;18;16;12;9;6;3;5;3;;1;1;;1;1;4;1;;;;;;;;;;;;;;;;;;;;;;;;;;;;;;;;;;;;;;;;;;;;;;;;;
2010;San Jorge - Sanduzelai;Mujer;68;77;71;82;71;71;73;48;41;50;43;50;41;48;47;34;47;48;47;57;53;58;64;60;56;89;86;88;78;86;100;100;105;111;122;124;130;115;120;104;109;96;83;109;80;66;64;74;78;52;66;54;62;71;52;73;104;82;74;78;85;100;93;91;83;64;81;64;54;40;42;36;29;36;44;24;35;36;33;31;23;28;24;23;16;19;11;11;13;12;8;5;8;2;4;1;3;;;;1;;;;;;;;;;;;;;;;;;;;;;;;;;;;;;;;;;;;;;;;;;;;;;
2010;San Juan/Donibane;Var蚤;61;84;73;76;79;96;81;76;71;73;72;60;66;74;61;75;71;62;78;60;89;99;103;130;106;106;125;142;160;160;172;192;160;182;158;160;137;142;166;138;163;130;140;116;129;106;119;102;118;105;92;100;111;108;95;103;88;87;108;93;131;120;114;128;170;137;157;132;131;146;101;96;119;124;125;115;120;121;103;97;72;77;72;50;47;41;37;22;25;23;9;15;5;5;6;7;6;3;1;;2;;;;;;;;;;;;;;;;;;;;;;;;;;;;;;;;;;;;;;;;;;;;;;
2010;San Juan/Donibane;Mujer;66;89;66;79;95;82;85;78;77;78;72;69;84;71;75;83;66;70;84;80;71;95;79;97;114;121;132;152;161;181;145;160;148;150;147;158;129;164;138;161;151;123;149;129;125;120;125;134;122;139;118;133;137;128;132;122;132;123;140;155;177;179;191;175;204;212;195;174;160;185;169;136;139;159;173;156;141;163;135;136;134;110;107;102;102;86;66;70;57;43;31;37;36;27;26;18;14;6;6;7;4;1;1;1;;;;;;;;;;;;;;;;;;;;;;;;;;;;;;;;;;;;;;;;;;;
2011;AZPILAGA헤;Var蚤;23;25;26;30;30;23;25;25;24;32;28;31;24;36;43;54;60;75;55;76;71;72;70;63;53;61;54;58;56;65;57;54;59;53;42;34;41;49;38;24;36;40;33;36;32;53;37;45;58;59;90;86;92;89;70;70;70;59;52;54;56;49;28;35;39;40;32;28;31;24;29;20;21;19;20;23;22;24;27;13;13;18;15;10;8;8;9;10;7;6;3;4;7;;2;2;1;1;;;;;;;;;;;;;;;;;;;;;;;;;;;;;;;;;;;;;;;;;;;;;;;;;
2011;AZPILAGA헤;Mujer;26;22;24;21;24;12;24;20;25;19;30;32;28;36;38;39;49;66;57;74;67;92;81;53;72;54;58;56;53;57;50;54;48;54;50;34;44;41;37;45;30;42;32;32;39;56;72;80;82;109;90;110;88;73;87;90;69;63;62;50;45;47;39;42;29;42;46;47;34;33;29;27;21;26;29;41;38;22;34;26;31;24;22;26;25;17;23;13;14;10;7;7;4;7;2;5;1;2;3;1;;;;;;;;;;;;;;;;;;;;;;;;;;;;;;;;;;;;;;;;;;;;;;;
2011;Buztintxuri - Euntzetxiki;Var蚤;77;81;80;58;47;43;40;45;34;22;22;31;31;21;26;21;27;20;19;17;29;30;29;29;30;48;46;64;54;60;64;97;100;107;114;137;120;110;89;77;67;69;60;62;40;37;34;35;30;32;24;20;12;22;27;12;13;17;26;14;16;18;9;13;17;8;10;11;11;10;9;3;10;7;5;9;9;4;3;4;8;4;4;2;3;3;3;1;1;1;1;;;1;;;1;;;;;;;;;;;;;;;;;;;;;;;;;;;;;;;;;;;;;;;;;;;;;;;;;;
2011;Buztintxuri - Euntzetxiki;Mujer;81;70;68;56;53;41;30;34;25;24;29;20;21;24;18;18;24;25;27;20;38;26;32;35;32;36;50;57;58;75;82;112;103;105;124;114;95;81;76;58;80;57;45;44;46;25;23;28;25;37;20;25;21;20;19;18;19;25;20;15;18;13;11;13;19;10;10;8;10;11;12;10;8;9;3;4;6;7;12;5;4;4;4;10;4;6;5;1;1;5;3;3;3;2;1;;1;1;;1;;1;;;;;;;;;;;;;;;;;;;;;;;;;;;;;;;;;;;;;;;;;;;;;
2011;Casco viejo/Alde Zaharra;Var蚤;60;63;64;43;44;51;33;56;54;56;41;38;43;38;32;42;27;43;44;39;36;41;48;43;52;48;73;72;120;86;102;117;116;120;120;130;116;138;133;126;106;127;102;106;104;92;131;82;104;97;107;111;74;98;84;87;83;73;68;58;48;53;63;41;40;40;31;48;35;18;39;28;20;35;43;34;39;34;31;26;18;27;24;14;16;11;12;6;13;9;7;2;5;3;2;;;4;;;;;;1;;;;;;;;;;;;;;;;;;;;;;;;;;;;;;;;;;;;;;;;;;;
2011;Casco viejo/Alde Zaharra;Mujer;56;49;48;52;31;35;39;44;45;40;36;29;42;33;30;32;34;36;46;37;41;41;56;48;66;64;64;106;94;100;140;94;106;102;128;133;114;116;107;128;96;101;109;100;116;87;85;98;85;101;95;95;78;94;84;70;69;59;52;61;51;49;56;51;53;37;44;52;49;48;50;55;42;53;53;46;53;52;54;58;57;61;45;50;38;41;38;38;32;21;26;16;9;12;7;11;5;7;2;3;1;1;1;;;;;;;;;;;;;;;;;;;;;;;;;;;;;;;;;;;;;;;;;;;;
2011;Chantrea - Txantrea;Var蚤;92;87;110;99;81;80;84;101;81;86;92;72;89;81;73;96;89;91;93;88;91;83;106;106;106;87;109;139;149;144;143;175;155;178;168;187;162;165;184;149;178;151;145;126;159;177;148;161;144;143;161;140;126;136;135;120;114;103;121;109;95;102;132;106;116;121;110;100;96;99;104;83;76;82;97;99;96;92;83;63;86;63;77;57;56;44;38;27;32;23;13;12;10;9;5;3;1;3;2;;;;1;;;;;;;;;;;;;;;;;;;;;;;;;;;;;;;;;;;;;;;;;;;;
2011;Chantrea - Txantrea;Mujer;103;103;88;74;86;88;92;80;97;92;99;80;92;62;87;70;76;84;78;70;81;98;97;97;80;103;107;114;121;116;170;154;158;176;170;185;176;150;137;142;139;140;133;126;150;131;157;159;168;149;132;141;141;133;118;115;110;123;120;115;106;114;146;124;121;153;132;120;87;115;118;95;102;112;117;113;98;104;127;118;112;109;87;96;91;77;74;59;57;41;52;34;26;18;16;16;9;7;5;1;2;2;3;1;1;;;;;;;;;;;;;;;;;;;;;;;;;;;;;;;;;;;;;;;;;;
2011;Ensanche/Zabalgunea;Var蚤;93;91;87;78;73;92;99;86;111;102;96;99;88;73;98;98;105;89;87;85;97;87;104;99;97;107;123;140;133;130;129;170;161;157;163;150;144;154;146;153;168;171;169;153;153;158;170;161;169;149;148;160;146;135;116;134;100;123;107;106;107;115;120;111;102;105;105;104;102;85;95;63;75;69;82;95;88;102;87;70;70;71;72;52;66;60;46;31;48;28;23;16;17;12;5;7;10;7;2;2;;;;;;;1;;;;1;;;;;;;;;;;;;;;;;;;;;;;;;;;;;;;;;;;;
2011;Ensanche/Zabalgunea;Mujer;83;89;98;109;92;101;114;94;99;93;102;95;83;100;82;76;94;94;96;78;90;95;102;107;115;146;127;99;112;161;144;134;152;143;145;159;147;153;143;170;173;168;162;181;178;171;186;169;164;162;151;169;144;165;161;120;128;136;126;129;152;151;147;140;149;167;126;167;125;137;116;108;114;119;149;147;156;149;151;154;155;127;160;135;145;123;124;113;111;80;80;55;62;40;39;33;23;13;19;9;5;2;3;2;1;1;;;;;;;;;;;;;;;;;;;;;;;;;;;;;;;;;;;;;;;;;
2011;Ermitaga人 - Mendebaldea;Var蚤;59;64;77;70;59;66;80;56;65;86;69;71;74;84;73;99;83;93;90;98;82;104;92;128;116;126;131;138;169;155;135;127;119;107;100;106;93;98;83;67;89;74;90;67;75;114;106;106;130;116;108;110;120;139;114;149;117;128;117;136;144;161;135;125;98;105;104;114;79;62;66;46;54;44;66;61;50;46;48;37;42;33;24;25;14;17;26;14;7;13;3;3;9;5;;2;1;1;1;;;;;;;;;;;;;;;;;;;;;;;;;;;;;;;;;;;;;;;;;;;;;;;;
2011;Ermitaga人 - Mendebaldea;Mujer;60;57;76;53;58;48;66;77;71;79;81;82;77;85;101;97;90;73;77;91;93;114;107;121;149;118;140;135;170;156;119;113;119;106;95;111;92;84;92;105;94;97;88;98;98;137;145;118;147;136;151;160;154;145;164;160;168;169;146;151;139;169;151;135;115;110;102;112;79;65;83;60;57;68;69;74;51;61;49;58;44;54;47;54;44;39;34;36;19;23;23;17;14;14;8;6;4;6;2;2;1;;;1;;;;;;;;;;;;;;;;;;;;;;;;;;;;;;;;;;;;;;;;;;;
2011;Etxabakoitz;Var蚤;28;31;27;36;29;24;35;24;26;39;27;31;26;32;24;31;29;31;33;25;28;28;28;28;31;35;38;36;50;29;59;44;44;45;69;40;48;60;44;33;60;51;61;61;69;56;66;46;46;37;43;40;31;25;25;28;23;34;25;18;25;22;31;32;31;20;13;16;21;12;15;9;13;16;12;21;16;14;15;6;11;8;5;10;12;4;5;4;1;1;2;2;2;;1;;;;;;;;;;;;;;;;;;;;;;;;;;;;;;;;;;;;;;;;;;;;;;;;;;;1;
2011;Etxabakoitz;Mujer;18;27;26;44;30;34;29;36;17;36;28;30;24;28;27;37;24;32;33;27;33;22;21;35;36;33;38;37;29;45;50;36;46;57;45;42;45;32;42;50;49;54;52;57;51;58;55;33;39;38;34;30;36;35;36;29;29;39;26;19;34;29;24;31;25;23;25;16;27;24;18;19;16;12;30;10;20;22;11;24;13;13;14;9;8;11;10;13;14;6;6;5;1;5;;;2;;;;;;1;;;;;;;;;;;;;;;;;;;;;;;;;;;;;;;;;;;;;;;;;;;;
2011;Iturrama;Var蚤;76;84;90;93;66;53;64;65;53;63;52;56;41;55;69;75;98;98;90;115;134;151;165;164;194;200;225;235;236;236;223;189;186;178;157;158;148;125;147;130;125;118;107;82;103;92;112;95;87;83;103;115;132;158;137;155;166;151;197;190;205;225;214;194;206;187;194;170;183;142;150;101;108;99;125;123;93;104;93;82;78;86;63;61;45;49;48;40;28;32;27;11;12;7;6;13;2;3;2;;1;1;;1;;;;;;;;;;;;;;;;;;;;;;;;;;;;;;;;;;;;;;;;;;;
2011;Iturrama;Mujer;72;65;65;81;73;65;62;53;60;62;55;59;39;64;58;68;82;82;125;132;131;176;201;185;191;206;220;183;226;241;205;147;179;157;163;151;165;125;105;118;127;114;103;107;100;84;115;111;127;129;130;186;154;226;213;246;216;229;230;244;218;246;256;241;224;241;227;207;163;160;165;96;135;136;140;126;135;135;124;116;116;95;105;83;92;96;89;83;86;76;71;37;42;35;34;29;24;13;13;11;5;;;2;;2;1;;;;;;;;;;;;;;;;;;;;;;;;;;;;;;;;;;;;;;;;
2011;Mendillorri;Var蚤;35;74;58;66;71;74;95;101;92;134;144;140;139;171;114;133;108;73;80;77;59;67;48;39;47;45;49;37;55;42;34;29;56;36;44;66;59;65;73;68;93;97;153;174;186;198;193;195;170;147;133;104;90;73;77;68;61;45;46;35;19;31;22;18;13;17;15;16;15;19;16;11;9;13;14;11;6;9;12;8;4;2;8;1;7;2;2;6;2;1;2;1;;;;;;;;;;;;;;;;;;;;;;;;;;;;;;;;;;;;;;;;;;;;;;;;;;;;;;;
2011;Mendillorri;Mujer;54;52;51;71;66;60;85;90;82;102;118;139;139;138;134;116;93;63;66;52;56;55;47;40;45;49;34;41;37;44;41;63;55;47;55;82;81;81;81;109;133;180;188;218;248;206;203;173;154;112;113;91;83;73;59;51;48;49;46;31;35;23;23;14;19;21;21;24;20;16;16;16;11;14;12;10;13;14;17;19;11;6;8;6;8;7;7;3;3;7;3;;1;1;2;3;1;;1;;;;;;;;;;;;;;;;;;;;;;;;;;;;;;;;;;;;;;;;;;;;;;;;
2011;Milagrosa - Arrosadia;Var蚤;62;66;87;65;59;59;68;55;69;47;53;47;56;71;51;58;78;68;67;73;68;90;90;99;103;102;105;118;129;144;146;137;137;134;125;126;120;115;132;102;118;132;107;126;89;102;128;108;100;94;117;97;107;78;85;60;81;70;74;77;68;80;80;89;54;73;49;37;51;50;43;45;31;57;63;45;57;54;71;61;60;54;33;34;45;28;23;24;20;12;10;10;6;4;;1;4;2;1;;;;;;;;;;;;;;;;;;;;;;;;;;;;;;;;;;;;;;;;;;;;;;;;
2011;Milagrosa - Arrosadia;Mujer;70;53;75;53;56;67;67;70;54;57;60;62;57;63;52;58;79;74;65;69;79;84;92;82;114;105;92;121;116;119;138;100;113;122;121;131;96;104;105;103;101;96;97;124;96;106;114;118;83;100;121;101;87;97;80;75;87;82;79;79;90;85;103;73;79;69;56;66;64;54;79;49;77;68;93;109;92;83;95;85;93;72;63;69;78;70;44;60;34;33;38;26;20;17;12;8;6;5;4;4;1;1;1;2;;;;;;;;;;;;;;;;;;;;;;;;;;;;;;;;;;;;;;;;;;;
2011;Rochapea/Arrotxapea;Var蚤;174;144;189;194;191;208;210;190;178;180;143;142;119;126;104;125;105;114;116;112;104;113;145;98;124;146;131;147;159;152;193;164;217;237;239;258;260;254;309;321;324;279;319;277;260;239;220;239;185;189;161;158;167;137;126;128;116;99;117;116;105;105;119;128;103;127;84;103;77;82;97;79;69;63;99;68;70;68;65;46;54;51;44;42;20;26;24;19;18;17;6;9;9;3;3;1;2;2;1;;;;;;;;;;;;;;;;;;;;;;;;;;;;;;;;;;;;;;;;;;;;;;;;
2011;Rochapea/Arrotxapea;Mujer;159;165;161;181;177;165;146;190;161;178;137;120;117;103;109;95;105;104;98;99;107;99;128;125;138;129;150;133;147;184;178;164;221;230;265;281;253;297;281;290;303;310;272;247;243;230;248;206;185;159;161;159;138;132;132;127;117;130;124;123;137;117;135;123;121;128;106;122;87;89;119;75;88;85;101;107;84;85;87;89;84;77;55;56;53;50;49;39;52;29;16;22;19;9;4;4;6;3;1;1;1;;;1;;;;;;;;;;;;;;;;;;;;;;;;;;;;;;;;;;;;;;;;;;;
2011;San Jorge - Sanduzelai;Var蚤;72;76;85;78;90;98;82;79;69;42;54;51;56;61;40;50;35;48;54;66;52;70;52;65;74;82;79;81;93;101;106;125;136;124;117;102;133;147;155;136;138;118;103;102;93;93;90;73;58;64;67;62;48;58;52;74;50;55;62;64;73;66;69;63;87;87;57;81;64;59;66;51;34;30;39;31;25;20;30;26;26;17;16;13;15;10;7;6;2;5;3;;;1;;;1;3;1;;;;;;;;;;;;;;;;;;;;;;;;;;;;;;;;;;;;;;;;;;;;;;;;
2011;San Jorge - Sanduzelai;Mujer;77;74;67;75;76;71;74;74;49;44;47;41;48;42;45;47;34;50;51;45;60;55;57;64;68;57;91;84;96;84;90;96;107;105;112;120;121;131;122;121;109;101;103;82;107;80;63;64;74;80;45;68;54;62;72;51;73;100;78;76;73;85;100;92;90;82;67;79;64;54;39;41;35;30;37;39;24;34;35;34;29;21;28;23;22;16;16;9;11;10;12;7;4;6;2;4;1;3;;;;;;;;;;;;;;;;;;;;;;;;;;;;;;;;;;;;;;;;;;;;;;;;;
2011;San Juan/Donibane;Var蚤;81;60;70;71;71;79;95;81;80;72;72;70;64;68;75;66;74;72;67;73;58;93;103;98;132;109;108;114;126;156;154;156;181;152;161;135;153;134;133;164;136;156;125;133;118;128;105;116;107;119;103;93;98;111;109;94;98;86;86;104;90;126;120;114;125;167;138;149;128;128;139;103;94;117;123;123;114;119;114;98;94;67;76;70;48;44;37;33;19;20;17;9;10;4;5;5;4;6;3;;;1;;;;;;;;;;;;;;;;;;;;;;;;;;;;;;;;;;;;;;;;;;;;;
2011;San Juan/Donibane;Mujer;61;62;85;67;73;89;79;87;77;79;80;75;67;82;71;73;87;70;75;86;82;72;91;89;100;116;115;126;141;157;164;143;138;127;139;130;144;127;165;137;155;148;128;146;121;126;113;134;140;118;137;121;133;134;128;127;122;131;125;142;154;175;179;192;174;204;208;195;172;161;187;168;134;136;159;170;152;138;156;128;130;130;108;106;98;99;85;65;67;52;35;27;30;28;20;20;15;13;3;1;5;2;1;1;;;;;;;;;;;;;;;;;;;;;;;;;;;;;;;;;;;;;;;;;;;
2012;AZPILAGA헤;Var蚤;26;25;25;24;31;26;19;25;23;27;29;32;30;27;37;43;55;60;76;56;81;76;71;68;61;58;66;52;61;51;58;57;56;54;48;41;34;42;47;33;26;37;39;36;40;30;57;40;44;63;59;86;90;89;87;73;70;71;58;51;56;55;48;26;37;38;40;31;28;31;24;28;21;20;18;20;22;19;23;28;13;14;18;14;9;7;7;6;9;7;6;3;4;5;;1;;1;1;;;;;;;;;;;;;;;;;;;;;;;;;;;;;;;;;;;;;;;;;;;;;;;;
2012;AZPILAGA헤;Mujer;18;25;20;22;23;22;11;23;19;29;18;33;31;29;36;37;43;51;65;58;78;74;88;83;54;72;59;71;60;52;51;40;60;46;47;49;38;36;40;34;45;30;42;32;35;42;55;74;79;82;107;94;108;88;75;85;87;69;63;58;48;44;44;41;41;31;42;42;47;34;32;29;28;21;25;28;43;39;22;36;27;31;21;21;27;23;17;21;12;7;8;5;6;2;4;1;4;1;2;3;;;;;;;;;;;;;;;;;;;;;;;;;;;;;;;;;;;;;;;;;;;;;;;
2012;Buztintxuri - Euntzetxiki;Var蚤;90;73;76;85;58;49;41;41;45;34;23;23;27;35;21;29;29;32;21;17;18;28;34;32;35;32;52;59;63;78;70;72;100;109;117;114;146;127;115;95;81;73;72;62;66;44;41;34;30;32;33;27;27;14;22;28;13;17;18;23;17;16;21;9;14;17;9;10;11;15;11;10;3;11;8;5;8;8;3;3;5;7;4;4;2;2;2;2;;1;;1;;;1;;;2;;;;;;;;;;;;;;;;;;;;;;;;;;;;;;;;;;;;;;;;;;;;;;;;;
2012;Buztintxuri - Euntzetxiki;Mujer;97;86;71;64;56;55;41;32;34;28;24;29;22;22;28;22;22;27;20;30;28;42;28;35;43;47;57;63;72;74;85;98;111;112;123;131;114;99;87;82;67;86;59;49;42;51;30;27;25;26;38;23;21;25;20;25;19;19;27;23;20;20;14;14;16;19;11;10;7;10;12;12;10;8;10;5;5;8;8;12;6;3;3;5;10;4;7;3;;2;6;4;3;4;3;1;;;1;;;;;;;;;;;;;;;;;;;;;;;;;;;;;;;;;;;;;;;;;;;;;;;;
2012;Casco viejo/Alde Zaharra;Var蚤;65;52;61;64;44;41;50;35;52;52;50;40;40;40;38;34;42;27;43;44;41;35;45;46;47;55;60;77;72;115;89;104;115;124;120;124;125;115;131;113;129;106;123;99;101;98;88;129;82;101;97;103;109;75;93;83;85;79;69;67;55;48;54;64;42;40;41;31;51;38;18;37;27;20;33;39;29;36;35;30;22;16;25;23;11;10;10;11;6;10;9;7;1;3;3;2;;;2;;;;;;1;;;;;;;;;;;;;;;;;;;;;;;;;;;;;;;;;;;;;;;;;;
2012;Casco viejo/Alde Zaharra;Mujer;49;54;50;40;55;36;34;40;43;42;42;33;25;42;32;28;31;34;40;42;39;40;38;52;58;73;73;72;114;93;106;141;92;113;109;129;134;122;109;101;127;99;102;109;100;112;90;85;87;85;97;100;96;73;90;83;71;69;58;53;59;50;50;55;51;54;40;43;51;43;47;51;53;42;52;51;46;51;52;53;57;53;58;45;47;35;35;32;34;26;18;22;13;8;10;6;10;5;7;1;2;;1;;;;;;;;;;;;;;;;;;;;;;;;;;;;;;;;;;;;;;;;;;;;
2012;Chantrea - Txantrea;Var蚤;123;90;93;104;103;84;78;84;102;84;89;94;77;88;85;76;96;87;89;90;90;90;84;104;113;108;84;117;139;145;141;147;166;156;180;178;184;165;164;177;157;169;154;139;129;168;168;153;162;146;144;166;142;123;135;133;122;111;103;117;109;93;102;126;106;115;121;112;96;98;99;102;80;78;85;93;97;93;88;78;59;84;60;72;54;51;41;36;24;29;18;9;10;7;5;1;2;1;2;2;;;;1;;;;;;;;;;;;;;;;;;;;;;;;;;;;;;;;;;;;;;;;;;;
2012;Chantrea - Txantrea;Mujer;93;105;102;82;72;84;86;92;81;95;87;104;84;89;66;85;65;80;84;84;65;82;105;98;94;78;98;114;107;117;115;175;141;166;167;166;188;167;148;140;138;144;138;134;128;148;129;159;164;175;156;129;137;133;134;118;117;108;119;119;116;104;117;149;124;119;150;132;118;88;115;113;94;100;111;111;109;95;103;125;117;108;102;82;93;87;70;66;55;46;33;43;25;25;14;15;12;7;4;1;1;1;1;2;;1;;;;;;;;;;;;;;;;;;;;;;;;;;;;;;;;;;;;;;;;;
2012;Ensanche/Zabalgunea;Var蚤;93;95;90;84;84;78;91;98;81;112;106;99;99;86;78;99;101;104;94;93;90;98;91;106;99;108;106;127;144;134;134;123;167;156;149;154;141;149;139;155;155;165;180;166;151;155;153;167;160;169;149;147;159;148;129;110;126;99;118;108;102;108;110;120;106;101;103;102;99;100;81;95;62;75;66;82;95;86;95;83;68;73;72;67;48;62;55;41;30;44;23;19;16;14;9;3;5;9;7;;1;;;;;;;1;;;;1;;;;;;;;;;;;;;;;;;;;;;;;;;;;;;;;;;;
2012;Ensanche/Zabalgunea;Mujer;71;80;99;106;113;96;101;109;90;101;94;111;101;84;102;87;81;100;92;104;85;96;93;108;109;117;137;121;113;110;155;138;134;148;143;143;150;150;147;151;174;170;168;155;177;172;171;185;171;165;161;144;170;147;161;163;120;132;132;123;126;148;145;143;138;146;168;123;164;123;130;109;106;112;119;146;145;153;147;145;151;151;123;155;133;137;118;113;105;104;71;72;48;50;34;26;24;21;10;15;8;3;2;2;2;1;;;;;;;;;;;;;;;;;;;;;;;;;;;;;;;;;;;;;;;;;
2012;Ermitaga人 - Mendebaldea;Var蚤;71;64;75;82;73;59;63;75;60;66;82;68;71;71;88;73;100;87;95;94;97;93;111;91;122;120;139;132;142;160;161;121;111;110;105;107;112;94;99;87;65;88;72;89;73;71;113;104;104;131;112;109;109;116;136;112;150;118;128;112;135;145;166;132;121;101;103;101;113;78;62;68;46;51;42;64;62;50;46;46;31;41;30;24;25;11;16;23;13;6;9;2;2;8;3;;;1;;1;;;;;;;;;;;;;;;;;;;;;;;;;;;;;;;;;;;;;;;;;;;;;;;
2012;Ermitaga人 - Mendebaldea;Mujer;79;64;61;68;57;58;50;72;80;70;76;80;83;80;86;102;97;89;70;77;95;101;115;116;135;168;129;140;128;152;151;116;116;116;105;98;106;96;84;91;106;100;98;81;105;97;137;144;118;142;140;153;159;154;148;168;159;166;166;143;153;134;165;155;135;114;112;104;112;80;66;81;59;59;67;70;74;50;56;50;56;41;52;46;52;41;32;30;32;17;23;19;16;12;11;7;5;3;5;2;2;1;;;;;;;;;;;;;;;;;;;;;;;;;;;;;;;;;;;;;;;;;;;;;
2012;Etxabakoitz;Var蚤;25;30;34;31;33;33;25;37;27;24;40;24;34;26;32;22;32;33;32;34;26;27;28;29;34;36;32;44;40;55;31;52;45;44;41;62;44;46;63;48;30;57;52;61;62;65;54;64;45;48;36;45;39;31;17;25;29;20;34;25;17;27;23;30;31;33;20;13;16;19;12;14;9;13;16;13;21;15;13;14;6;10;9;5;10;11;4;5;3;1;1;2;2;1;;;;;;;;;;;;;;;;;;;;;;;;;;;;;;;;;;;;;;;;;;;;;;;;;;;;;1
2012;Etxabakoitz;Mujer;23;25;28;26;40;27;34;29;35;17;37;32;29;24;31;27;39;25;30;34;28;34;31;20;33;37;33;34;43;37;49;57;36;40;54;41;48;43;32;44;53;49;54;52;54;54;54;57;33;36;40;34;31;35;34;32;30;32;39;26;22;34;30;24;31;26;22;22;17;26;23;19;19;15;12;30;9;20;21;12;24;12;12;14;9;7;10;10;12;14;5;5;3;1;5;;;1;;;;;;1;;;;;;;;;;;;;;;;;;;;;;;;;;;;;;;;;;;;;;;;;;;
2012;Iturrama;Var蚤;80;74;85;89;94;62;52;65;66;53;61;56;56;45;56;73;79;97;112;107;113;133;157;161;157;196;197;226;233;228;213;206;171;176;158;160;156;147;119;142;123;114;114;101;85;94;92;113;96;90;84;100;116;131;159;137;153;169;148;198;193;210;226;211;191;202;188;191;163;180;140;148;99;108;98;125;124;89;98;88;79;71;80;63;55;44;44;45;30;26;26;26;8;9;4;5;12;2;4;2;;1;1;;;;;;;;;;;;;;;;;;;;;;;;;;;;;;;;;;;;;;;;;;;;
2012;Iturrama;Mujer;78;68;71;65;78;66;63;60;56;57;61;59;63;40;68;63;70;85;96;145;151;137;179;212;185;196;213;220;176;213;226;200;142;156;136;170;150;157;122;110;114;127;116;104;113;97;83;122;110;123;127;128;188;158;227;214;245;215;229;228;247;217;248;250;241;222;239;225;209;164;159;164;98;135;133;140;126;131;134;120;112;116;99;105;83;86;95;88;72;77;74;66;33;36;31;30;19;18;10;11;7;1;;;2;;2;;;;;;;;;;;;;;;;;;;;;;;;;;;;;;;;;;;;;;;;
2012;Mendillorri;Var蚤;38;35;70;57;68;74;74;93;104;92;133;145;136;140;174;113;130;110;75;79;80;57;68;49;42;45;45;47;37;55;40;32;32;62;36;42;62;60;67;74;65;93;93;153;173;185;198;193;187;165;145;136;102;87;73;77;69;61;45;47;37;19;31;22;17;17;17;16;15;12;18;16;10;9;12;12;11;6;9;11;9;4;2;8;1;7;2;2;6;2;1;2;;;;;;;;;;;;;;;;;;;;;;;;;;;;;;;;;;;;;;;;;;;;;;;;;;;;;;;
2012;Mendillorri;Mujer;33;49;50;48;70;63;56;86;87;83;106;122;139;136;142;131;120;93;66;64;57;54;57;41;39;43;45;38;40;32;50;34;65;59;48;57;81;75;78;77;112;130;179;187;218;251;203;201;172;153;112;116;91;83;73;62;46;48;52;47;33;34;22;21;16;18;20;20;23;20;17;17;16;11;14;14;10;13;14;16;18;11;6;8;6;8;9;7;3;3;7;2;1;1;1;2;1;1;;1;;;;;;;;;;;;;;;;;;;;;;;;;;;;;;;;;;;;;;;;;;;;;;;
2012;Milagrosa - Arrosadia;Var蚤;61;64;72;90;65;59;61;66;58;64;57;52;44;55;69;59;56;81;73;66;79;69;89;91;101;103;102;102;121;137;139;140;136;123;132;121;120;127;118;125;94;120;133;102;123;91;103;131;107;97;104;116;98;99;86;81;62;80;66;76;79;63;80;81;85;55;75;51;38;49;48;44;46;31;53;62;43;58;54;67;57;57;50;33;33;39;27;15;22;17;8;8;7;5;4;;1;;1;1;;;;;;;;;;;;;;;;;;;;;;;;;;;;;;;;;;;;;;;;;;;;;;;
2012;Milagrosa - Arrosadia;Mujer;57;60;65;68;57;60;77;65;66;54;58;60;63;60;65;52;60;76;76;68;72;93;90;93;88;107;108;104;126;115;119;133;94;120;120;123;115;106;100;102;101;95;98;98;127;104;111;117;119;86;107;116;103;88;94;75;82;93;83;79;79;86;86;104;72;80;68;62;66;63;56;80;47;76;69;93;108;89;81;94;81;93;70;60;66;74;64;40;52;29;27;31;26;14;16;9;7;6;4;2;2;1;;1;2;;;;;;;;;;;;;;;;;;;;;;;;;;;;;;;;;;;;;;;;;;
2012;Rochapea/Arrotxapea;Var蚤;138;178;147;196;182;189;204;200;192;173;186;140;138;122;129;107;120;99;112;118;114;109;116;144;103;126;143;130;140;147;157;188;187;224;223;234;247;260;253;317;312;326;273;313;271;252;236;222;234;187;183;158;154;173;139;127;129;116;96;115;111;105;102;123;125;100;122;84;98;74;82;96;79;65;60;97;65;67;67;64;45;54;45;42;40;19;25;18;18;15;13;5;9;6;2;3;1;1;2;1;;;;;;;;;;;;;;;;;;;;;;;;;;;;;;;;;;;;;;;;;;;;;;;
2012;Rochapea/Arrotxapea;Mujer;133;161;159;159;175;179;166;142;192;162;177;136;126;124;103;109;96;110;109;97;95;113;110;130;130;139;127;132;124;160;170;172;177;206;228;263;275;253;295;269;291;302;306;273;260;241;231;237;202;183;167;159;160;136;130;130;126;116;131;125;122;137;113;131;120;119;134;106;124;88;91;119;74;87;83;96;105;82;83;84;86;82;73;52;52;52;42;45;30;46;27;14;21;15;9;4;2;3;2;1;1;1;;;;;;;;;;;;;;;;;;;;;;;;;;;;;;;;;;;;;;;;;;;;;
2012;San Jorge - Sanduzelai;Var蚤;72;72;73;86;77;92;101;87;84;70;42;57;52;58;59;40;52;38;50;56;69;50;64;57;64;79;70;75;89;98;101;114;121;137;119;125;110;138;143;151;142;134;116;102;98;99;89;85;71;57;61;67;64;46;57;57;75;50;53;63;64;71;65;70;60;84;89;54;79;63;58;63;51;34;29;37;30;25;20;28;25;23;14;15;11;13;8;6;5;2;3;2;;;1;;;1;3;;;;;;;;;;;;;;;;;;;;;;;;;;;;;;;;;;;;;;;;;;;;;;;;
2012;San Jorge - Sanduzelai;Mujer;62;80;69;69;70;80;70;71;76;52;47;50;40;49;43;49;49;37;47;53;44;56;61;57;61;66;57;93;90;96;84;96;94;106;105;117;125;124;133;125;110;109;102;94;82;98;81;64;64;75;80;52;73;56;64;72;49;75;101;80;74;76;86;100;93;91;79;66;77;65;55;39;42;35;32;36;38;23;35;33;34;28;21;27;24;18;14;16;9;9;9;11;7;4;4;1;4;1;2;;;;;;;;;;;;;;;;;;;;;;;;;;;;;;;;;;;;;;;;;;;;;;;;
2012;San Juan/Donibane;Var蚤;77;87;70;75;64;72;80;91;75;85;72;75;78;65;71;74;66;73;76;70;72;62;89;104;107;133;101;108;115;115;151;148;146;176;153;148;139;149;116;135;162;137;150;131;130;117;123;106;125;106;118;101;95;97;112;110;96;94;85;87;103;94;124;123;109;127;165;135;146;124;127;136;104;90;113;125;123;111;112;115;96;91;63;71;62;45;45;33;34;17;19;16;8;9;2;5;2;3;5;1;;;;;;;;;;;;;;;;;;;;;;;;;;;;;;;;;;;;;;;;;;;;;;;
2012;San Juan/Donibane;Mujer;72;67;67;99;68;71;87;76;82;82;79;78;74;66;80;72;71;84;70;73;83;89;75;95;94;105;111;113;126;135;147;151;139;137;122;129;132;146;131;170;138;145;140;125;145;125;127;118;129;135;111;141;114;132;135;124;125;120;129;127;141;154;178;180;188;175;205;209;194;173;160;185;165;134;136;157;170;151;139;153;124;129;125;108;104;95;94;81;64;61;44;33;24;25;26;17;17;9;6;2;1;2;1;1;;;;;;;;;;;;;;;;;;;;;;;;;;;;;;;;;;;;;;;;;;;
2013;AZPILAGA헤;Var蚤;33;24;24;27;24;35;27;21;25;24;22;28;33;29;27;34;43;54;62;76;54;82;66;73;73;65;60;59;62;60;52;58;54;58;48;43;34;33;48;45;32;25;38;39;34;35;26;59;39;42;62;60;86;83;89;85;74;66;64;56;51;57;53;44;25;33;37;40;31;25;32;23;27;21;19;18;21;19;17;21;23;11;13;16;13;8;6;6;5;9;7;5;3;4;3;;;;;1;;;;;;;;;;;;;;;;;;;;;;;;;;;;;;;;;;;;;;;;;;;;;;;
2013;AZPILAGA헤;Mujer;23;25;24;18;21;24;23;11;26;19;29;21;31;34;28;36;41;42;54;66;60;76;69;84;76;47;75;59;66;55;48;47;37;51;50;47;47;38;37;37;36;44;26;44;31;34;38;56;67;82;77;108;94;107;86;72;86;88;64;62;56;48;45;44;40;42;31;42;41;46;33;30;30;29;20;25;28;43;37;21;34;27;29;22;21;25;21;16;19;11;8;7;3;6;1;4;1;4;1;2;3;;;;;;;;;;;;;;;;;;;;;;;;;;;;;;;;;;;;;;;;;;;;;;
2013;Buztintxuri - Euntzetxiki;Var蚤;96;95;69;75;91;65;54;41;41;48;34;26;26;32;35;20;31;31;32;18;18;20;30;39;35;35;32;57;60;73;77;89;91;113;128;139;121;152;130;116;98;88;70;69;65;72;49;43;36;33;28;32;33;27;16;24;29;11;17;19;22;20;18;20;12;16;16;10;12;12;14;12;10;4;9;9;7;8;8;3;2;6;6;4;3;3;2;3;2;;1;;1;;1;1;;;1;;;;;;;;;;;;;;;;;;;;;;;;;;;;;;;;;;;;;;;;;;;;;;;;
2013;Buztintxuri - Euntzetxiki;Mujer;90;104;98;72;68;58;53;50;40;37;28;30;26;21;27;28;24;26;31;25;31;28;44;29;47;48;53;56;73;80;85;104;122;132;126;142;157;124;91;88;87;68;85;60;54;44;53;29;34;25;27;38;23;24;24;20;23;18;21;31;23;21;21;17;15;18;18;15;9;8;11;13;10;11;7;9;5;4;5;7;11;6;3;2;4;9;4;7;3;;4;5;3;3;3;3;;;;;;;;;;;;;;;;;;;;;;;;;;;;;;;;;;;;;;;;;;;;;;;;;;;
2013;Casco viejo/Alde Zaharra;Var蚤;68;57;55;52;68;37;37;49;33;50;47;47;43;39;42;38;36;43;30;40;45;44;39;48;48;47;55;69;72;74;102;95;106;113;127;121;118;129;115;130;107;126;97;123;100;105;98;90;122;77;97;88;98;105;69;92;80;82;76;71;63;58;47;50;60;42;39;41;31;49;34;16;35;27;21;30;38;26;32;30;27;21;16;23;22;11;11;10;10;5;10;8;7;1;1;3;1;;;2;;;;;;1;;;;;;;;;;;;;;;;;;;;;;;;;;;;;;;;;;;;;;;;;
2013;Casco viejo/Alde Zaharra;Mujer;53;45;48;46;48;47;31;36;35;44;41;43;37;28;40;31;29;35;40;37;40;35;47;35;52;64;69;81;82;112;87;111;122;85;111;106;123;128;119;102;99;120;95;98;107;96;108;85;80;88;84;91;103;91;68;87;80;66;65;57;54;59;52;47;55;51;51;37;43;51;44;46;50;48;42;52;50;47;50;47;51;56;53;54;43;44;31;32;28;27;24;14;19;9;5;10;5;8;4;5;1;;;1;;;;;;;;;;;;;;;;;;;;;;;;;;;;;;;;;;;;;;;;;;;
2013;Chantrea - Txantrea;Var蚤;101;113;84;94;98;109;85;77;84;106;84;82;89;84;88;80;80;94;92;90;88;95;94;85;113;107;107;73;108;128;127;138;140;157;143;169;171;179;164;157;187;149;164;153;143;129;158;163;153;157;149;146;154;139;125;138;129;122;114;102;119;107;90;105;124;106;111;115;110;93;95;99;97;76;77;83;94;95;91;85;75;56;79;58;67;48;45;36;34;22;25;16;7;8;5;3;1;2;1;;2;;;;1;;;;;;;;;;;;;;;;;;;;;;;;;;;;;;;;;;;;;;;;;;
2013;Chantrea - Txantrea;Mujer;83;88;101;110;79;67;82;80;89;78;82;92;107;87;93;66;86;67;89;88;84;68;79;101;105;106;79;100;108;96;125;117;161;140;157;164;168;172;170;152;134;135;147;133;134;125;150;128;158;159;173;159;129;134;132;137;119;111;110;118;118;113;105;118;148;120;115;146;128;119;88;114;113;91;101;109;106;105;96;99;121;114;101;96;83;88;80;66;61;46;41;31;36;19;22;9;10;7;7;4;;2;1;;;;;;;;;;;;;;;;;;;;;;;;;;;;;;;;;;;;;;;;;;;;
2013;Ensanche/Zabalgunea;Var蚤;85;93;103;85;89;87;84;90;102;90;116;111;100;101;84;80;96;101;100;96;93;92;100;94;103;100;108;107;132;141;138;142;113;160;157;149;157;125;140;139;153;153;163;173;163;146;150;151;168;156;165;149;143;149;143;125;111;123;96;117;105;106;106;103;121;105;102;100;99;98;95;81;96;60;73;65;79;89;82;93;78;66;67;67;65;42;57;45;36;24;35;20;17;14;11;9;2;5;4;3;;1;;;;;;;1;;;;1;;;;;;;;;;;;;;;;;;;;;;;;;;;;;;;;;;
2013;Ensanche/Zabalgunea;Mujer;95;71;97;99;111;110;90;99;111;91;103;98;113;94;88;100;89;82;99;93;106;79;99;99;105;109;111;123;112;114;105;161;142;135;145;138;146;151;152;152;154;174;175;170;156;176;165;170;180;166;160;161;150;168;143;156;156;116;135;135;120;128;143;149;143;141;147;165;122;162;120;126;108;103;112;117;142;144;151;152;137;147;145;117;152;125;125;109;110;90;93;66;63;41;41;27;20;17;16;8;13;3;3;1;;2;;;;;;;;;;;;;;;;;;;;;;;;;;;;;;;;;;;;;;;;;
2013;Ermitaga人 - Mendebaldea;Var蚤;61;67;62;74;78;67;55;62;71;58;60;81;65;71;72;87;75;98;85;100;98;94;92;113;91;119;119;133;129;132;146;139;110;113;114;94;98;102;91;97;89;66;81;72;87;63;70;112;104;106;124;109;107;106;118;133;114;148;115;122;112;131;145;167;132;118;98;102;99;112;76;59;68;45;52;39;65;59;48;45;47;28;42;28;26;23;10;14;20;11;5;8;1;1;7;2;;;1;;;;;;;;;;;;;;;;;;;;;;;;;;;;;;;;;;;;;;;;;;;;;;;;
2013;Ermitaga人 - Mendebaldea;Mujer;74;74;74;56;67;58;55;46;60;79;73;79;81;82;83;87;102;98;93;73;82;100;107;117;107;132;150;135;130;114;136;133;103;109;110;102;82;107;86;82;94;99;97;96;83;106;95;134;144;114;145;138;155;164;155;150;168;156;164;168;144;150;136;170;158;132;113;111;104;113;82;64;82;59;59;66;72;71;50;56;51;52;40;53;45;47;37;30;28;28;15;21;18;11;10;11;4;5;2;6;2;1;;;;;;;;;;;;;;;;;;;;;;;;;;;;;;;;;;;;;;;;;;;;;
2013;Etxabakoitz;Var蚤;31;25;29;31;25;32;34;24;37;25;24;38;25;32;27;31;19;31;26;36;31;26;25;26;27;34;39;32;42;34;52;29;54;35;43;38;55;45;43;58;44;30;55;55;55;59;63;55;62;44;42;38;44;40;28;21;21;28;20;33;26;14;27;23;27;33;33;19;12;15;19;12;15;9;12;16;11;20;13;14;12;7;10;6;5;11;11;4;5;2;1;1;1;2;1;;;;;;;;;;;;;;;;;;;;;;;;;;;;;;;;;;;;;;;;;;;;;;;;;;;;
2013;Etxabakoitz;Mujer;27;24;25;30;25;34;25;27;29;31;20;32;29;25;20;31;23;38;26;30;37;25;29;30;25;27;44;37;34;50;38;42;49;30;36;54;40;42;38;34;41;45;45;55;50;60;51;53;54;37;34;36;36;32;36;32;32;31;32;40;28;22;34;29;23;29;27;22;23;17;24;23;20;18;13;12;30;9;21;22;12;22;13;9;14;8;6;11;8;11;12;5;3;2;1;2;;;1;;1;;;;1;;;;;;;;;;;;;;;;;;;;;;;;;;;;;;;;;;;;;;;;;;
2013;Iturrama;Var蚤;62;78;78;77;87;87;63;52;63;67;54;62;57;59;46;56;73;79;118;128;123;116;135;151;156;161;179;178;203;230;202;196;197;154;158;149;154;142;140;123;124;118;120;109;106;90;94;91;107;87;86;84;101;119;126;155;137;151;171;145;188;191;209;224;209;191;203;188;185;164;181;139;146;98;106;98;119;123;88;96;83;76;74;77;64;49;39;37;45;27;19;23;25;8;9;4;4;9;;1;1;;1;1;;;;;;;;;;;;;;;;;;;;;;;;;;;;;;;;;;;;;;;;;;;
2013;Iturrama;Mujer;66;79;63;66;66;69;67;65;61;53;58;64;57;61;40;73;67;70;104;115;159;163;145;174;184;176;189;206;203;171;181;201;186;134;139;133;162;151;153;110;107;113;128;116;101;108;102;78;118;104;126;122;133;185;163;217;211;239;212;227;228;243;215;245;243;245;225;238;222;207;167;158;160;96;136;130;138;128;134;133;119;113;114;96;102;81;90;90;86;70;72;59;55;26;33;24;21;16;16;6;8;4;1;;;2;;2;;;;;;;;;;;;;;;;;;;;;;;;;;;;;;;;;;;;;;;
2013;Mendillorri;Var蚤;41;39;34;68;52;67;68;73;93;102;91;137;146;133;137;174;113;132;110;74;76;76;57;64;44;40;45;42;44;36;50;36;30;29;58;33;39;58;56;70;77;63;92;92;146;171;181;198;187;188;163;144;135;99;87;74;77;69;60;44;47;37;19;34;22;17;14;17;16;15;13;18;16;10;8;11;12;11;6;7;11;8;3;2;6;1;7;2;1;5;1;1;1;;;;;;;;;;;;;;;;;;;;;;;;;;;;;;;;;;;;;;;;;;;;;;;;;;;;;;
2013;Mendillorri;Mujer;25;30;51;55;48;68;64;63;84;88;82;101;118;140;135;142;132;120;90;64;62;56;51;58;47;40;48;43;40;39;28;48;38;62;53;48;58;76;76;76;83;110;130;175;187;220;242;201;201;170;153;111;113;94;85;77;63;47;47;52;48;35;34;22;21;16;19;19;20;23;20;17;14;17;11;15;16;11;13;16;16;18;11;6;6;6;8;10;7;4;3;6;1;1;;;2;1;1;;1;;;;;;;;;;;;;;;;;;;;;;;;;;;;;;;;;;;;;;;;;;;;;;
2013;Milagrosa - Arrosadia;Var蚤;60;66;63;62;84;61;60;61;67;59;68;51;52;45;50;74;57;56;86;84;69;80;83;84;90;101;99;98;98;114;131;131;136;129;125;119;119;118;116;109;115;97;117;133;93;117;93;105;130;115;91;94;106;100;100;84;75;63;79;68;73;77;61;75;79;87;52;71;50;37;49;47;45;44;31;50;57;42;56;54;63;51;53;48;30;30;35;22;14;22;13;7;7;5;5;3;;1;;;1;;;;;;;;;;;;;;;;;;;;;;;;;;;;;;;;;;;;;;;;;;;;;;
2013;Milagrosa - Arrosadia;Mujer;60;55;56;71;68;56;58;81;59;63;53;60;53;68;60;64;57;63;72;79;74;88;96;84;100;96;107;116;112;103;128;101;127;104;108;109;116;113;98;86;107;95;102;97;102;131;108;111;110;113;82;106;113;100;89;97;76;81;90;82;77;78;87;82;100;71;80;65;62;67;66;56;77;49;75;68;94;108;84;82;90;81;88;66;57;65;67;60;39;44;28;23;28;21;11;10;5;5;5;3;2;1;1;;;2;;;;;;;;;;;;;;;;;;;;;;;;;;;;;;;;;;;;;;;;;
2013;Rochapea/Arrotxapea;Var蚤;158;152;184;153;193;186;190;200;200;190;164;183;131;142;118;127;112;124;101;119;112;122;105;116;152;99;129;128;128;139;159;157;184;183;218;231;234;241;261;251;308;309;308;267;307;269;249;228;220;234;190;189;153;151;169;133;121;128;113;93;116;109;100;105;122;117;100;120;82;96;73;80;94;80;65;61;95;62;65;66;61;43;52;44;36;38;16;23;12;16;14;11;4;5;4;2;2;1;;;1;1;;;;;;;;;;;;;;;;;;;;;;;;;;;;;;;;;;;;;;;;;;;;;
2013;Rochapea/Arrotxapea;Mujer;135;131;161;163;157;181;179;163;146;186;161;172;138;122;117;109;108;95;107;113;101;102;116;113;127;131;149;128;142;137;154;185;173;178;195;214;248;270;254;296;282;300;291;307;273;250;240;230;239;201;184;174;157;163;129;132;128;126;116;125;125;119;137;112;126;118;119;137;105;126;90;94;119;72;87;83;95;103;85;79;81;84;81;69;50;47;44;40;43;27;38;26;12;14;14;5;3;1;2;2;1;1;;;;;;;;;;;;;;;;;;;;;;;;;;;;;;;;;;;;;;;;;;;;;
2013;San Jorge - Sanduzelai;Var蚤;66;72;67;73;83;82;87;106;89;83;72;41;59;49;60;66;40;50;39;57;53;70;48;58;48;68;74;76;73;78;87;92;105;108;114;115;121;100;143;138;153;139;140;113;99;100;100;87;84;70;58;58;72;68;46;58;56;73;49;51;65;64;69;64;68;62;86;89;55;77;62;56;64;49;30;28;37;28;24;20;27;24;22;12;14;11;13;8;4;5;2;3;2;;;1;;;1;1;;;;;;;;;;;;;;;;;;;;;;;;;;;;;;;;;;;;;;;;;;;;;;;
2013;San Jorge - Sanduzelai;Mujer;60;59;72;71;71;65;81;70;69;76;54;49;50;40;48;45;55;52;44;43;53;49;59;63;59;61;65;56;87;82;92;85;94;89;102;102;124;129;118;130;123;115;111;97;88;77;98;83;62;62;76;76;48;72;55;66;67;49;77;99;77;76;76;86;99;95;89;81;65;77;63;54;41;43;35;31;36;37;23;35;33;33;28;22;24;25;14;11;13;8;6;8;10;7;4;2;1;3;1;1;;;;;;;;;;;;;;;;;;;;;;;;;;;;;;;;;;;;;;;;;;;;;;;
2013;San Juan/Donibane;Var蚤;86;82;102;68;66;64;68;78;99;79;87;72;76;74;63;71;73;64;72;73;72;76;58;94;103;105;125;104;105;114;113;144;144;134;154;137;155;141;140;113;127;162;127;145;128;124;115;125;107;121;100;116;103;86;97;110;110;99;93;81;86;103;90;125;120;109;128;166;130;147;122;124;138;103;88;109;122;120;109;108;110;96;89;60;64;54;40;41;30;29;14;15;14;7;7;2;5;2;2;3;;;;;;;;;;;;;;;;;;;;;;;;;;;;;;;;;;;;;;;;;;;;;;;
2013;San Juan/Donibane;Mujer;63;71;73;59;91;76;75;80;75;83;76;76;75;76;64;80;75;78;73;74;76;83;90;71;96;94;85;108;111;122;123;139;150;126;127;124;121;132;143;124;164;141;143;140;127;145;131;127;119;137;133;107;137;112;122;133;128;123;120;127;124;140;153;175;175;188;178;205;211;196;173;160;182;163;133;136;153;167;142;138;152;119;124;118;102;95;87;88;75;55;56;41;27;19;18;20;16;14;6;4;;;1;1;1;;;;;;;;;;;;;;;;;;;;;;;;;;;;;;;;;;;;;;;;;;
2014;AZPILAGA헤;Var蚤;27;25;19;25;26;22;30;27;20;23;19;19;30;30;30;28;34;42;58;59;79;59;77;62;76;79;67;57;56;56;56;45;55;55;57;45;44;36;34;46;43;32;29;43;41;27;32;28;59;43;47;61;59;89;83;91;89;74;63;64;57;52;60;54;43;24;31;38;40;32;26;31;25;27;21;19;19;20;19;17;21;20;10;15;15;13;8;6;6;4;8;6;4;3;3;2;;;;;;;;;;;;;;;;;;;;;;;;;;;;;;;;;;;;;;;;;;;;;;;;;;;
2014;AZPILAGA헤;Mujer;24;22;27;24;18;21;24;27;12;26;21;27;22;29;32;28;35;40;41;56;68;57;82;65;80;78;48;78;52;63;56;51;44;35;53;51;44;50;31;33;43;34;44;23;48;31;36;41;53;71;90;80;111;97;105;86;71;84;87;64;63;57;48;47;45;40;43;30;40;40;45;32;30;30;28;20;25;28;44;35;21;33;25;28;21;21;21;21;14;19;8;7;7;4;5;1;4;1;3;1;2;3;;;;;;;;;;;;;;;;;;;;;;;;;;;;;;;;;;;;;;;;;;;;;
2014;Buztintxuri - Euntzetxiki;Var蚤;90;99;92;77;75;89;63;56;41;44;46;33;30;32;36;32;22;32;33;30;22;19;20;32;37;36;35;43;53;65;79;90;92;101;120;131;131;124;139;126;117;103;81;75;63;68;68;50;41;41;35;30;30;32;25;18;19;28;11;15;19;22;20;14;21;12;18;16;11;12;11;15;12;9;4;9;8;8;8;8;3;2;4;6;5;3;3;2;2;2;1;;1;1;;1;1;;;;;;;;;;;;;;;;;;;;;;;;;;;;;;;;;;;;;;;;;;;;;;;;;;
2014;Buztintxuri - Euntzetxiki;Mujer;93;95;102;94;69;69;59;58;56;42;38;33;32;24;22;31;32;27;27;30;34;32;26;50;34;60;54;51;68;75;85;99;105;126;131;130;149;152;129;97;85;96;67;83;60;51;51;54;32;32;21;28;41;21;25;25;18;24;20;21;30;25;22;22;18;15;15;19;14;10;8;10;11;10;10;6;8;6;6;5;10;11;7;2;2;4;9;4;6;4;1;3;3;3;3;3;3;;;;;;;;;;;;;;;;;;;;;;;;;;;;;;;;;;;;;;;;;;;;;;;;;;
2014;Casco viejo/Alde Zaharra;Var蚤;52;58;57;41;50;65;35;38;46;36;47;48;44;42;36;39;35;35;40;26;41;41;47;45;44;50;53;61;69;82;78;104;83;109;118;120;109;117;111;125;125;112;127;103;122;102;94;93;86;115;75;87;92;95;99;64;89;83;81;75;69;58;56;48;45;57;39;36;42;30;45;32;15;33;25;20;28;37;27;29;30;25;20;12;21;18;8;11;10;9;5;8;7;5;1;1;3;;;;;;;;;;1;;;;;;;;;;;;;;;;;;;;;;;;;;;;;;;;;;;;;;;;
2014;Casco viejo/Alde Zaharra;Mujer;43;46;39;43;48;44;49;29;38;36;45;37;40;36;30;38;27;27;34;36;37;43;35;45;35;49;63;73;81;77;108;93;102;132;69;101;98;114;126;112;99;104;111;92;95;107;95;103;85;77;89;83;82;98;94;71;86;77;66;66;57;52;59;49;48;53;52;50;37;43;52;42;42;49;47;42;51;51;47;49;43;50;55;50;52;43;43;25;31;25;21;21;12;17;8;5;6;3;7;4;2;1;;;;;;;;;;;;;;;;;;;;;;;;;;;;;;;;;;;;;;;;;;;;;
2014;Chantrea - Txantrea;Var蚤;96;107;108;87;97;105;109;86;79;84;108;89;84;91;81;87;84;84;101;91;96;91;91;99;84;111;113;99;62;101;127;122;135;127;143;132;174;167;176;163;155;175;145;159;156;146;134;155;157;146;154;148;149;152;136;122;143;127;117;110;106;116;107;89;104;131;103;111;112;105;91;97;101;96;70;73;82;90;90;83;77;68;54;73;50;62;44;44;30;31;21;22;13;7;5;5;3;1;2;1;;1;;;;;;;;;;;;;;;;;;;;;;;;;;;;;;;;;;;;;;;;;;;;;
2014;Chantrea - Txantrea;Mujer;106;78;78;107;110;84;71;85;85;92;79;81;90;114;90;99;75;89;67;88;91;90;70;76;100;107;101;81;96;99;103;122;116;155;131;158;165;162;188;173;148;135;143;141;136;136;124;150;127;155;149;175;151;125;127;134;138;122;110;110;119;120;113;104;116;149;118;117;144;126;117;87;112;112;91;100;109;101;103;94;100;118;110;90;92;78;83;72;62;57;43;38;22;35;18;18;6;9;5;5;1;;1;;;;;;;;;;;;;;;;;;;;;;;;;;;;;;;;;;;;;;;;;;;;
2014;Ensanche/Zabalgunea;Var蚤;81;91;100;103;88;88;89;90;97;109;93;110;114;103;114;84;88;101;109;105;97;91;88;97;94;97;107;108;102;137;146;134;149;126;167;162;162;155;126;146;132;158;149;162;169;159;151;146;151;161;150;173;152;140;151;138;128;108;121;94;114;102;107;101;99;120;104;103;101;100;93;91;79;90;56;71;63;80;88;78;90;74;65;61;61;62;37;49;38;36;20;29;15;15;13;9;3;2;4;1;2;;1;;;;;;;;;;;1;;;;;;;;;;;;;;;;;;;;;;;;;;;;;;;;;
2014;Ensanche/Zabalgunea;Mujer;103;95;85;98;99;116;116;89;105;103;92;103;98;111;92;90;106;92;84;99;94;108;82;99;95;110;97;112;138;125;122;120;180;152;148;154;141;152;156;151;146;153;168;179;165;163;187;165;176;173;172;171;167;147;167;142;159;158;119;130;136;118;128;139;144;142;139;144;158;123;161;118;123;112;102;109;116;141;139;151;151;136;141;136;117;140;120;115;97;101;82;80;55;55;34;39;24;17;14;11;6;7;4;3;1;;2;;;;;;;;;;;;;;;;;;;;;;;;;;;;;;;;;;;;;;;;
2014;Ermitaga人 - Mendebaldea;Var蚤;69;68;75;60;66;80;65;56;62;75;56;68;81;65;74;76;89;74;97;94;99;108;97;91;109;97;121;113;128;122;127;135;139;98;114;109;96;113;104;95;103;85;68;90;73;90;74;71;115;109;104;129;115;102;114;125;138;117;151;117;131;117;135;147;167;133;115;101;108;102;107;76;60;67;47;52;36;64;59;46;41;48;27;43;24;23;21;11;15;16;7;5;5;1;1;5;2;;;;;;;;;;;;;;;;;;;;;;;;;;;;;;;;;;;;;;;;;;;;;;;;;;
2014;Ermitaga人 - Mendebaldea;Mujer;71;76;76;71;53;60;53;55;44;64;78;74;82;80;90;85;91;102;102;96;77;87;108;98;109;117;152;142;139;139;109;135;133;106;110;124;105;79;113;92;84;92;102;107;101;90;114;102;144;142;118;151;146;151;173;160;154;170;160;174;173;150;151;143;171;157;130;115;112;103;114;80;63;82;56;56;66;71;68;52;58;50;49;41;47;44;45;34;25;23;23;12;19;17;9;8;8;2;4;1;3;2;1;;;;;;;;;;;;;;;;;;;;;;;;;;;;;;;;;;;;;;;;;;;;
2014;Etxabakoitz;Var蚤;20;33;18;24;23;29;32;30;26;37;28;25;38;26;31;28;34;23;30;29;26;36;27;22;33;29;32;38;40;36;29;45;34;49;42;44;36;51;45;43;61;41;35;57;63;48;57;59;57;60;44;46;37;41;40;28;21;24;26;22;32;25;14;27;23;26;31;34;19;12;17;19;12;16;9;12;16;11;18;13;13;13;7;10;5;5;10;8;4;5;1;1;;1;1;1;;;;;;;;;;;;;;;;;;;;;;;;;;;;;;;;;;;;;;;;;;;;;;;;;;;
2014;Etxabakoitz;Mujer;27;21;28;27;25;23;34;28;29;26;31;24;31;32;25;21;29;22;42;31;38;35;26;28;34;26;23;45;38;29;47;36;40;49;32;37;50;41;45;42;35;39;49;42;62;52;63;52;51;54;37;38;32;33;30;38;30;32;29;30;41;27;26;33;29;22;31;27;23;23;17;25;23;19;18;13;12;30;9;20;22;12;22;12;8;15;8;4;9;8;10;11;3;3;1;1;2;;;1;;;;;;1;;;;;;;;;;;;;;;;;;;;;;;;;;;;;;;;;;;;;;;;;
2014;Iturrama;Var蚤;63;65;72;72;81;95;86;63;56;66;70;55;64;61;60;51;61;75;97;129;138;116;118;133;151;154;156;175;168;190;210;191;176;178;138;159;137;143;136;133;124;123;121;119;108;111;90;93;94;102;90;84;85;105;115;128;151;131;150;165;144;190;190;205;221;210;188;198;184;182;164;179;135;144;98;107;95;113;118;84;92;82;72;74;71;62;42;39;35;42;21;19;18;21;7;7;3;2;5;;1;1;;1;;;;;;;;;;;;;;;;;;;;;;;;;;;;;;;;;;;;;;;;;;;
2014;Iturrama;Mujer;64;64;89;68;65;64;67;67;56;60;55;58;65;62;68;38;78;71;85;119;124;158;154;143;169;187;180;183;197;187;153;164;175;167;129;137;118;148;142;147;110;108;106;120;116;101;103;100;88;119;104;123;126;136;184;161;220;214;235;208;226;227;236;213;243;243;241;219;238;224;202;169;160;161;97;136;128;137;123;135;134;114;109;116;95;97;86;87;87;76;68;66;49;50;22;25;16;17;13;12;3;8;2;1;;;2;;2;;;;;;;;;;;;;;;;;;;;;;;;;;;;;;;;;;;;;;
2014;Mendillorri;Var蚤;22;42;37;35;71;53;65;68;77;93;104;89;135;143;132;137;177;108;133;107;74;71;73;61;64;41;33;38;37;47;38;50;37;36;28;56;40;34;61;58;63;72;66;90;84;146;165;182;197;190;179;160;140;129;100;88;72;74;69;60;45;46;36;17;33;22;18;14;18;18;15;11;16;16;10;8;11;12;12;5;5;11;8;4;2;6;1;7;2;1;4;;1;1;;;;;;;;;;;;;;;;;;;;;;;;;;;;;;;;;;;;;;;;;;;;;;;;;;;;;
2014;Mendillorri;Mujer;27;23;37;53;52;49;65;62;64;83;84;79;102;116;139;137;139;131;119;89;61;63;57;48;60;38;37;41;48;36;36;30;48;36;62;47;48;56;67;79;76;76;107;130;177;185;216;234;200;202;172;147;107;116;95;83;75;63;47;47;50;49;36;33;21;21;16;20;19;19;21;20;17;15;17;11;13;14;10;13;16;16;18;12;7;6;6;7;9;5;4;4;6;2;;;;2;1;1;;1;;;;;;;;;;;;;;;;;;;;;;;;;;;;;;;;;;;;;;;;;;;;;
2014;Milagrosa - Arrosadia;Var蚤;63;69;57;62;57;87;67;57;64;64;59;70;60;52;49;52;78;63;57;91;84;77;83;74;85;87;106;95;102;94;110;131;127;124;122;110;124;110;120;118;108;110;94;116;119;93;115;94;99;134;115;99;91;105;95;103;85;73;61;78;71;70;74;63;76;72;84;52;68;50;40;48;45;42;43;30;48;56;43;53;53;57;49;46;42;27;24;31;15;13;21;11;6;4;5;4;2;;1;;;1;;;;;;;;;;;;;;;;;;;;;;;;;;;;;;;;;;;;;;;;;;;;;
2014;Milagrosa - Arrosadia;Mujer;53;63;55;48;64;70;61;53;76;59;63;52;61;52;66;69;62;62;73;79;85;73;93;96;81;93;87;103;118;104;111;125;104;126;95;104;113;115;115;106;91;116;95;95;100;102;129;109;113;112;111;82;104;112;96;89;92;69;74;92;78;75;79;88;84;97;70;80;66;62;62;65;59;74;50;74;66;90;104;84;80;83;77;84;62;59;61;63;54;38;41;25;19;17;18;6;8;5;4;1;;2;1;1;;;1;;;;;;;;;;;;;;;;;;;;;;;;;;;;;;;;;;;;;;;;
2014;Rochapea/Arrotxapea;Var蚤;144;160;156;179;156;189;184;192;198;192;183;170;178;127;144;125;129;107;126;99;119;113;121;103;120;137;103;130;123;130;133;143;141;174;169;215;213;227;226;254;243;291;314;305;264;305;266;242;222;218;228;192;179;152;144;169;131;118;123;109;90;113;106;99;107;119;115;100;120;80;94;72;79;95;78;65;61;90;59;62;67;55;40;48;41;33;36;14;21;11;17;14;7;4;3;3;2;1;1;;;;;;;;;;;;;;;;;;;;;;;;;;;;;;;;;;;;;;;;;;;;;;;;
2014;Rochapea/Arrotxapea;Mujer;110;125;145;159;162;158;170;176;155;142;191;159;172;136;118;113;108;115;87;108;109;96;101;115;116;115;138;134;122;147;130;142;185;168;169;181;211;239;263;251;293;284;288;297;307;270;238;238;220;232;210;182;162;159;158;134;126;131;118;111;126;125;118;136;112;122;114;116;134;103;126;86;92;119;69;88;82;98;102;86;80;79;82;79;63;44;43;41;37;42;25;35;20;9;11;11;4;3;1;2;2;;1;;;;;;;;;;;;;;;;;;;;;;;;;;;;;;;;;;;;;;;;;;;;
2014;San Jorge - Sanduzelai;Var蚤;53;63;73;70;78;88;83;86;102;83;88;71;38;58;47;52;64;41;52;45;55;57;65;53;58;46;66;67;71;71;72;88;73;106;99;104;108;113;95;138;131;158;138;135;107;97;101;101;93;76;69;64;56;66;63;43;62;54;71;49;52;64;65;69;62;68;60;83;88;53;78;61;55;63;49;30;26;36;27;24;19;26;23;20;11;14;11;12;8;5;5;2;2;2;;;1;;;;;;;;;;;;;;;;;;;;;;;;;;;;;;;;;;;;;;;;;;;;;;;;;;
2014;San Jorge - Sanduzelai;Mujer;54;62;53;70;70;70;57;73;73;74;73;55;48;53;40;44;40;54;52;42;40;57;46;56;64;54;62;67;57;79;78;91;81;87;83;104;98;120;126;113;131;121;108;110;96;87;77;95;84;61;60;76;81;44;71;53;67;66;51;76;97;81;74;75;85;98;94;89;82;67;75;63;52;41;42;37;32;35;38;23;33;33;33;28;21;22;26;12;9;8;7;5;8;9;7;4;2;1;3;;1;;;;;;;;;;;;;;;;;;;;;;;;;;;;;;;;;;;;;;;;;;;;;;
2014;San Juan/Donibane;Var蚤;64;93;93;99;69;72;68;67;81;97;81;92;71;80;76;67;69;78;68;71;74;80;79;60;97;99;102;129;121;111;115;127;159;140;145;156;147;167;146;147;119;132;166;127;153;124;133;124;122;111;120;104;122;105;88;99;107;114;104;95;80;91;109;94;122;119;113;128;165;128;146;124;118;135;98;86;113;118;114;104;103;104;91;81;56;60;44;38;37;24;24;11;11;11;7;6;2;5;2;2;2;;;;;;;;;;;;;;;;;;;;;;;;;;;;;;;;;;;;;;;;;;;;;;
2014;San Juan/Donibane;Mujer;61;70;84;75;65;88;77;79;74;80;85;81;80;84;79;67;86;74;83;78;77;80;90;99;70;103;100;98;113;112;120;126;140;149;133;149;134;123;142;143;140;167;148;149;145;132;156;133;131;122;128;132;122;142;120;118;135;126;122;128;129;129;140;153;176;178;186;178;204;210;193;171;162;182;160;134;135;152;161;140;138;147;114;119;118;96;92;80;81;70;50;46;38;24;19;14;19;13;12;3;3;1;;1;;;;;;;;;;;;;;;;;;;;;;;;;;;;;;;;;;;;;;;;;;;
2015;AZPILAGA헤;Var蚤;18;30;24;26;33;26;27;31;30;22;28;22;17;29;29;32;25;35;47;61;62;79;59;77;63;74;83;66;54;58;49;56;41;51;50;62;41;40;40;32;47;48;34;29;43;43;27;32;27;64;41;47;59;58;91;81;88;89;69;65;65;55;52;61;52;46;26;31;37;40;32;25;32;24;27;20;19;19;19;18;16;20;20;9;13;15;11;8;6;6;3;6;3;4;2;3;2;;;;;;;;;;;;;;;;;;;;;;;;;;;;;;;;;;;;;;;;;;;;;;;;;;
2015;AZPILAGA헤;Mujer;34;23;22;26;24;22;21;25;25;17;26;20;30;22;31;30;29;35;43;46;56;66;61;76;59;83;73;49;68;53;59;54;43;45;42;58;51;38;48;34;36;40;39;40;20;45;34;34;43;56;67;87;79;113;100;106;86;71;85;87;63;62;58;48;46;46;38;42;29;40;40;43;31;32;30;27;20;25;27;44;33;21;30;25;28;19;19;18;20;13;18;6;5;5;4;4;1;4;1;3;1;1;3;;;;;;;;;;;;;;;;;;;;;;;;;;;;;;;;;;;;;;;;;;;;
2015;Buztintxuri - Euntzetxiki;Var蚤;84;90;87;94;78;73;89;64;60;44;45;45;38;29;31;36;30;20;32;36;29;20;21;20;36;36;42;42;46;56;60;75;95;102;105;120;131;132;129;137;127;113;105;88;75;67;65;70;51;44;40;37;29;32;34;23;17;23;29;10;14;22;22;22;16;21;12;18;14;10;12;11;13;13;9;5;9;8;8;9;8;4;2;3;5;5;2;5;;2;2;;;1;2;;;;;;;;;;;;;;;;;;;;;;;;;;;;;;;;;;;;;;;;;;;;;;;;;;;;
2015;Buztintxuri - Euntzetxiki;Mujer;105;95;99;108;91;67;67;59;57;56;42;41;32;33;26;22;28;29;26;27;23;34;34;28;55;40;68;56;65;73;73;90;105;111;135;136;129;145;150;125;100;88;93;73;81;61;53;54;58;30;34;22;28;38;20;28;24;16;27;22;23;33;24;20;25;18;16;16;20;16;10;7;10;12;9;10;5;7;6;6;5;9;10;8;2;2;5;8;5;6;5;1;3;3;3;3;2;3;;;;;;;;;;;;;;;;;;;;;;;;;;;;;;;;;;;;;;;;;;;;;;;;;
2015;Casco viejo/Alde Zaharra;Var蚤;55;45;55;55;36;49;59;35;37;40;38;45;49;43;42;37;39;38;37;38;29;44;40;47;44;44;49;53;68;64;90;78;99;83;100;128;122;107;117;98;116;123;110;126;96;124;99;90;85;83;116;68;85;92;92;97;65;89;75;77;71;70;57;52;47;45;54;37;34;39;27;42;33;14;27;23;22;26;35;29;28;26;23;17;12;21;16;6;10;9;9;4;7;5;4;1;1;3;;;;;;;;;;1;;;;;;;;;;;;;;;;;;;;;;;;;;;;;;;;;;;;;;;
2015;Casco viejo/Alde Zaharra;Mujer;48;42;43;40;45;49;38;45;29;39;35;42;40;40;36;29;39;30;28;37;37;37;50;43;45;41;55;64;67;74;79;106;81;102;120;67;109;94;117;126;108;96;100;117;94;96;109;94;104;87;80;89;79;76;93;89;69;87;74;67;65;53;53;60;47;48;52;50;48;39;42;50;38;42;48;44;40;48;49;44;47;40;45;55;46;49;41;41;22;31;20;20;17;12;14;5;4;4;3;5;4;1;1;;;;;;;;;;;;;;;;;;;;;;;;;;;;;;;;;;;;;;;;;;;;
2015;Chantrea - Txantrea;Var蚤;89;98;107;100;88;102;105;99;93;79;82;107;91;82;93;75;90;88;87;100;95;94;97;92;95;83;112;108;90;65;91;114;117;126;134;144;137;176;165;173;166;154;166;139;160;153;145;137;150;156;144;158;148;153;160;138;126;144;126;116;109;101;118;106;86;106;125;100;108;115;102;90;98;95;92;70;70;77;87;84;80;77;66;52;63;49;57;41;39;27;27;18;19;13;7;4;2;2;1;2;1;;1;;;;;;;;;;;;;;;;;;;;;;;;;;;;;;;;;;;;;;;;;;;;
2015;Chantrea - Txantrea;Mujer;85;103;80;87;109;109;83;71;85;87;87;79;81;86;111;91;96;80;86;69;91;94;89;68;78;95;107;92;87;96;108;99;112;121;145;121;158;164;160;191;173;147;136;141;136;136;131;125;146;130;154;152;175;151;124;124;137;137;122;110;112;118;119;115;104;113;149;117;116;142;126;115;89;111;110;89;100;108;100;100;92;98;113;106;91;88;65;72;61;59;47;41;35;16;30;13;11;5;6;5;2;1;;1;;;;;;;;;;;;;;;;;;;;;;;;;;;;;;;;;;;;;;;;;;;
2015;Ensanche/Zabalgunea;Var蚤;108;92;117;115;106;90;89;98;102;105;102;96;113;117;101;113;84;89;103;103;103;101;91;85;102;95;97;103;108;115;144;155;148;166;141;175;175;157;168;136;153;141;170;155;158;177;164;163;158;152;160;160;176;155;141;156;132;118;112;117;97;121;103;104;99;100;117;100;101;102;102;89;88;76;90;57;65;57;77;80;74;91;69;59;56;59;58;29;46;35;27;18;25;12;15;12;9;3;1;1;;2;1;1;;;;;;;;;;;1;;;;;;;;;;;;;;;;;;;;;;;;;;;;;;;;
2015;Ensanche/Zabalgunea;Mujer;102;109;115;85;101;108;116;123;92;109;119;96;106;109;114;97;99;111;101;95;103;96;107;85;98;101;112;99;120;142;139;131;135;189;171;156;157;154;155;164;168;153;151;172;184;170;162;189;176;179;169;170;174;172;142;170;144;160;156;122;130;130;120;129;144;146;142;136;141;153;124;161;113;122;110;100;108;114;139;139;143;147;134;138;124;110;135;119;104;88;89;78;70;45;42;24;34;18;13;11;8;5;5;3;1;1;;1;;;;;;;;;;;;;;;;;;;;;;;;;;;;;;;;;;;;;;;
2015;Ermitaga人 - Mendebaldea;Var蚤;69;62;80;76;58;66;70;61;55;62;74;60;68;80;68;76;80;93;77;102;96;102;104;96;91;112;101;119;110;116;111;117;125;123;96;107;102;86;114;104;96;105;92;65;89;76;84;69;70;118;109;102;130;111;101;117;131;134;121;148;122;127;118;134;144;162;133;113;100;104;101;110;74;59;68;46;49;35;63;58;45;38;44;24;40;22;22;19;11;12;15;7;5;5;1;1;4;;;;;;;;;;;;;;;;;;;;;;;;;;;;;;;;;;;;;;;;;;;;;;;;;;
2015;Ermitaga人 - Mendebaldea;Mujer;69;69;74;75;65;50;62;49;54;46;65;76;82;87;81;90;87;92;104;101;95;82;89;108;96;115;119;148;142;143;118;98;128;137;102;105;127;106;93;103;91;81;99;99;104;102;83;109;109;148;143;115;151;150;153;179;156;158;168;158;170;173;149;149;143;169;162;128;118;109;102;116;80;60;78;56;57;66;68;66;51;58;48;49;40;46;42;41;36;23;22;21;10;13;16;7;5;4;2;2;1;2;2;1;;;;;;;;;;;;;;;;;;;;;;;;;;;;;;;;;;;;;;;;;;;
2015;Etxabakoitz;Var蚤;21;21;28;19;26;24;33;30;23;20;38;25;26;42;27;34;30;33;21;29;31;34;35;27;24;40;25;30;37;42;32;30;49;34;44;44;42;39;44;49;42;57;45;37;58;66;48;53;56;52;61;44;43;38;45;44;31;19;24;23;22;31;25;15;27;23;26;27;33;18;14;18;20;11;16;9;12;15;12;18;13;12;13;5;9;4;5;8;8;3;5;1;1;;1;1;1;;;;;;;;;;;;;;;;;;;;;;;;;;;;;;;;;;;;;;;;;;;;;;;;;;
2015;Etxabakoitz;Mujer;18;22;21;26;25;24;20;35;29;28;27;33;25;29;32;23;26;31;25;41;30;38;34;28;30;41;26;24;41;38;30;45;33;32;45;35;32;51;40;46;40;30;38;49;41;61;54;61;51;51;58;38;37;33;35;31;39;30;28;32;28;43;26;25;32;31;24;30;26;23;23;18;23;22;20;17;14;12;32;9;20;20;13;20;12;8;14;9;4;10;7;9;9;3;3;;;2;;;1;;;;;;1;;;;;;;;;;;;;;;;;;;;;;;;;;;;;;;;;;;;;;;;
2015;Iturrama;Var蚤;69;62;69;71;71;79;92;88;64;56;68;70;55;62;61;59;52;65;88;119;140;135;111;125;142;149;155;152;172;156;191;197;178;162;176;134;157;137;135;125;126;123;117;127;120;108;103;84;94;97;101;88;89;83;104;116;126;155;133;151;165;138;190;191;202;220;209;182;192;184;179;161;178;137;142;97;102;91;110;117;83;91;79;71;75;68;55;38;39;31;35;16;16;14;16;6;7;3;2;5;;;;;1;;;;;;;;;;;;;;;;;;;;;;;;;;;;;;;;;;;;;;;;;;
2015;Iturrama;Mujer;59;64;54;82;66;62;64;65;70;56;60;59;63;69;64;71;41;80;84;102;142;128;166;151;138;171;182;180;168;178;178;144;164;169;160;127;135;116;143;139;143;107;106;108;120;115;98;100;102;88;117;108;126;124;133;180;159;219;215;230;206;221;228;234;211;238;242;240;215;241;223;199;170;156;161;96;135;127;146;122;138;134;113;107;113;93;96;84;84;85;69;57;51;45;38;18;20;13;13;10;9;3;5;2;;;;2;;2;;;;;;;;;;;;;;;;;;;;;;;;;;;;;;;;;;;;;
2015;Mendillorri;Var蚤;14;24;36;38;38;66;50;64;63;72;90;103;92;136;143;131;133;170;108;133;110;75;73;71;57;60;43;38;41;37;46;38;46;39;33;22;54;34;38;61;60;59;68;65;86;82;146;157;178;197;179;180;160;138;127;98;90;72;74;67;61;42;45;34;18;33;22;19;15;17;18;15;11;16;17;10;8;11;12;11;4;6;13;8;6;1;4;2;7;;1;1;;1;1;;;;;;;;;;;;;;;;;;;;;;;;;;;;;;;;;;;;;;;;;;;;;;;;;;;;
2015;Mendillorri;Mujer;34;29;26;34;52;49;50;62;63;66;81;88;77;101;116;136;134;133;133;115;91;64;60;53;48;53;37;38;39;43;45;33;27;46;38;55;53;43;58;67;75;76;72;105;123;178;179;209;230;195;202;174;143;104;118;93;82;76;61;49;45;51;48;35;36;20;21;14;18;20;17;23;20;18;16;17;11;12;12;14;13;14;17;16;11;6;7;3;5;8;4;6;4;3;1;;;;1;1;1;;1;;;;;;;;;;;;;;;;;;;;;;;;;;;;;;;;;;;;;;;;;;;;
2015;Milagrosa - Arrosadia;Var蚤;65;68;59;58;63;56;85;68;55;63;67;58;75;60;56;53;67;85;76;62;96;95;84;97;77;88;88;114;104;114;97;111;146;133;122;126;126;121;118;127;116;115;115;98;113;113;103;111;95;100;139;111;97;104;110;98;104;87;76;61;76;69;67;75;67;74;71;80;54;62;48;40;47;43;45;40;29;45;54;39;50;49;54;47;46;36;24;22;26;14;9;15;8;3;4;3;1;2;;;;;1;;;;;;;;;;;;;;;;;;;;;;;;;;;;;;;;;;;;;;;;;;;;
2015;Milagrosa - Arrosadia;Mujer;58;60;78;54;56;57;67;66;53;67;60;65;52;63;58;74;71;73;71;82;88;95;77;89;108;83;96;97;118;133;109;117;130;111;125;108;108;110;126;119;96;89;109;99;105;107;113;138;105;114;117;115;87;112;113;102;90;94;69;68;95;79;80;80;85;85;94;71;79;66;60;62;64;59;75;51;70;65;82;103;82;78;79;74;78;55;56;57;59;44;32;33;21;15;15;12;5;7;3;4;;;2;;1;;;1;;;;;;;;;;;;;;;;;;;;;;;;;;;;;;;;;;;;;;;
2015;Rochapea/Arrotxapea;Var蚤;107;144;161;151;176;157;186;178;185;204;192;186;174;181;133;147;120;135;105;131;101;115;106;112;104;115;127;95;133;121;128;130;146;136;173;162;206;210;222;230;248;245;284;306;308;264;301;268;236;218;222;224;191;169;156;146;160;129;119;120;104;91;108;100;97;103;116;117;100;117;75;93;70;76;89;75;63;58;84;57;59;64;51;37;46;39;31;30;13;16;9;14;8;6;4;2;1;1;1;1;;;;;;;;;;;;;;;;;;;;;;;;;;;;;;;;;;;;;;;;;;;;;;;
2015;Rochapea/Arrotxapea;Mujer;109;116;135;146;153;159;162;180;181;152;145;191;155;173;130;120;115;109;123;88;109;105;95;99;113;119;123;135;144;118;140;129;138;185;162;161;182;213;230;258;250;288;283;289;288;296;280;240;232;220;237;212;184;161;155;157;137;127;132;125;111;131;125;118;133;111;125;112;116;132;104;119;84;90;119;67;83;77;97;101;82;81;76;83;78;56;40;40;36;31;38;23;34;18;7;9;6;3;2;;1;2;;1;;;;;;;;;;;;;;;;;;;;;;;;;;;;;;;;;;;;;;;;;;;
2015;San Jorge - Sanduzelai;Var蚤;54;60;59;68;67;77;84;80;84;98;82;83;76;42;58;44;51;66;42;51;45;56;52;62;46;59;47;57;67;78;66;65;79;76;100;102;106;108;108;94;126;122;161;136;135;105;100;97;98;95;73;70;62;55;61;69;52;64;54;68;46;50;60;65;66;59;72;59;84;87;51;79;60;53;62;45;29;25;36;26;24;18;26;23;20;10;14;9;12;6;4;3;1;2;2;;;1;;;;;;;;;;;;;;;;;;;;;;;;;;;;;;;;;;;;;;;;;;;;;;;;;
2015;San Jorge - Sanduzelai;Mujer;56;53;65;51;69;70;69;58;75;76;71;75;48;50;54;41;45;35;54;52;40;44;53;45;61;57;57;57;62;50;72;76;88;78;89;85;98;98;109;127;115;129;122;104;105;97;86;77;91;84;64;60;72;77;46;71;55;65;69;50;76;101;83;71;76;85;97;94;88;82;67;75;66;52;40;40;36;33;35;39;22;33;32;31;26;22;22;24;7;7;5;6;4;8;7;6;4;2;;3;;;;;;;;;;;;;;;;;;;;;;;;;;;;;;;;;;;;;;;;;;;;;;;
2015;San Juan/Donibane;Var蚤;68;69;101;92;95;67;78;71;76;79;96;85;92;71;78;81;70;66;77;69;75;76;83;87;64;95;108;95;133;112;95;119;116;143;131;137;138;148;166;144;148;122;126;157;131;151;130;139;125;122;112;123;101;123;100;94;97;105;117;102;96;80;91;105;98;120;118;114;130;163;130;143;119;117;133;94;86;108;111;112;100;97;103;86;76;52;53;37;32;33;17;21;7;7;10;3;4;1;4;2;1;2;;;;;;;;;;;;;;;;;;;;;;;;;;;;;;;;;;;;;;;;;;;;;
2015;San Juan/Donibane;Mujer;52;66;86;83;74;63;82;71;82;71;83;86;78;79;81;81;66;85;76;84;81;86;86;97;95;66;101;102;96;120;116;110;124;141;138;134;141;138;134;141;145;139;166;138;155;148;130;153;129;132;120;132;134;128;140;115;121;138;126;123;128;127;123;143;152;177;180;182;182;202;212;194;166;159;182;158;133;136;146;159;136;136;140;107;110;110;91;84;76;75;60;40;40;33;19;16;11;15;10;9;2;1;1;;1;;;;;;;;;;;;;;;;;;;;;;;;;;;;;;;;;;;;;;;;;;
